{"learning_rate": 0.00022897948833665795, "momentum": 0.9427695865478392, "batch_size": 64, "step_size": 5, "num_epochs": 30, "gamma": 0.4312236117702054}