{
    "learning_rate": 0.0005806076502080509,
    "momentum": 0.9266338209534365,
    "batch_size": 16,
    "step_size": 20,
    "num_epochs": 50,
    "gamma": 0.7371598544006756
}