,normal,malignant,benign
benign,0.0012658227848101199,0.01772151898734175,0.9810126582278482
malignant,0.0,0.9365384615384617,0.06346153846153842
normal,0.984,0.004,0.012
