,normal,malignant,benign
benign,0.004002883114137168,0.013607186073077714,0.012301586276044937
malignant,0.0,0.020372113566757263,0.020372113566757326
normal,0.027968235951204033,0.01264911064067352,0.026997942308422118
