,benign,malignant,normal
benign,0.9402708102432479,0.036812523090085356,0.022916666666666665
malignant,0.05676320823199647,0.9339344661866082,0.009302325581395347
normal,0.08918758921192999,0.013793103448275862,0.8970193073397942
