{"learning_rate": 0.0010836585896387605, "momentum": 0.9341719565677424, "batch_size": 8, "step_size": 20, "num_epochs": 50, "gamma": 0.39236161174103534}