,benign,malignant,normal
benign,0.8,0.10581395348837211,0.0941860465116279
malignant,0.1769230769230769,0.7846153846153846,0.038461538461538464
normal,0.11612903225806451,0.03548387096774193,0.8483870967741935
