,normal,malignant,benign
benign,0.02317073170731705,0.08780487804878043,0.8890243902439025
malignant,0.07560975609756093,0.7292682926829268,0.1951219512195122
normal,0.7133333333333333,0.07333333333333329,0.2133333333333333
