,normal,malignant,benign
benign,0.020284512113617297,0.030851489367496397,0.04926923179227865
malignant,0.024254364049067164,0.06845702255291344,0.07882406272221673
normal,0.11987647963787715,0.04097575314352395,0.11243653902820905
