{
    "learning_rate": 0.00018614231357315554,
    "momentum": 0.9672012864924477,
    "batch_size": 32,
    "step_size": 5,
    "num_epochs": 40,
    "gamma": 0.8378807007368319
}