,benign,malignant,normal
benign,0.0700671645858367,0.035187191059513005,0.03638385249286038
malignant,0.04536157622509251,0.06224490908408638,0.02080063234883525
normal,0.06868859598632632,0.03084231693103158,0.09863215233404991
